﻿<POLICY>
<KEY>1000588876</KEY>
<EFFECTIVE_DATE>06/16/2022</EFFECTIVE_DATE>
<EXPIRATION_DATE>06/16/2023</EXPIRATION_DATE>
<PROGRAM_POLICY_TYPE>1000000159</PROGRAM_POLICY_TYPE>
<PROGRAM_NAME>AFFNPDO</PROGRAM_NAME>
<RATING_DATE>06/16/2022</RATING_DATE>
<TRANSACTION_TYPE>New</TRANSACTION_TYPE>
<PENDING_PRIOR_DATE>06/16/2022</PENDING_PRIOR_DATE>
<POLICY_TYPE_NAME>ASSOCIATIONS</POLICY_TYPE_NAME>
<POLICY_LOCATION>
<KEY>1000605570</KEY>
<CITY>FREMONT</CITY>
<COUNTRY>USA</COUNTRY>
<EFFECTIVE_DATE>06/16/2022</EFFECTIVE_DATE>
<EXPIRATION_DATE>06/16/2023</EXPIRATION_DATE>
<INSIDE_CITY_LIMITS>0</INSIDE_CITY_LIMITS>
<LOCATION_INDEX>1</LOCATION_INDEX>
<PRIMARY_LOCATION>1</PRIMARY_LOCATION>
<STATE>CA</STATE>
<STREET>34560Molory Avenue</STREET>
<STREET_LINE1>34560Molory Avenue</STREET_LINE1>
<ZIP_CODE>94536</ZIP_CODE>
</POLICY_LOCATION>
<STATE>CA</STATE>
<PROGRAM>20020</PROGRAM>
<INSURED_NAME>compare</INSURED_NAME>
<TERM_FACTOR>1</TERM_FACTOR>
<USERID>WBADMIN</USERID>
</POLICY>